<?xml version="1.0"?>
<!--<!DOCTYPE metadata SYSTEM "http://www.esri.com/metadata/esriprof80.dtd">-->
<metadata xml:lang="en"><Esri><CreaDate>20110914</CreaDate><CreaTime>15284200</CreaTime><SyncOnce>FALSE</SyncOnce><SyncDate>20110915</SyncDate><SyncTime>12370700</SyncTime><ModDate>20110915</ModDate><ModTime>12370700</ModTime><DataProperties><lineage><Process ToolSource="c:\Program Files\ArcGIS\ArcToolbox\Toolboxes\Data Management Tools.tbx\AssignDomainToField" Date="20100831" Time="142850">AssignDomainToField NYC_PAWS Construction_Status Construction # NYC_PAWS</Process><Process ToolSource="c:\Program Files\ArcGIS\ArcToolbox\Toolboxes\Data Management Tools.tbx\AssignDomainToField" Date="20100831" Time="143500">AssignDomainToField NYC_PAWS Ownership_Type Ownership # NYC_PAWS</Process><Process ToolSource="c:\Program Files\ArcGIS\ArcToolbox\Toolboxes\Data Management Tools.tbx\RemoveDomainFromField" Date="20100831" Time="143718">RemoveDomainFromField NYC_PAWS Construction_Status # NYC_PAWS</Process><Process ToolSource="c:\Program Files\ArcGIS\ArcToolbox\Toolboxes\Data Management Tools.tbx\AssignDomainToField" Date="20100831" Time="144825">AssignDomainToField NYC_PAWS Construction_Status Construction # NYC_PAWS</Process><Process ToolSource="c:\Program Files\ArcGIS\ArcToolbox\Toolboxes\Conversion Tools.tbx\FeatureClassToFeatureClass" Date="20100923" Time="170314">FeatureClassToFeatureClass "C:\MyFiles\Waterfront Comprehensive Plan\GIS\PAWS\PAWS.mdb\NYC_PAWS" "C:\MyFiles\Waterfront Comprehensive Plan\GIS\PAWS\Shapefile_Exports" PAWS.shp # "PAWS_ID 'PAWS_ID' true true false 254 Text 0 0 ,First,#,C:\MyFiles\Waterfront Comprehensive Plan\GIS\PAWS\PAWS.mdb\NYC_PAWS,PAWS_ID,-1,-1;PAWS_Name 'PAWS_Name' true true false 254 Text 0 0 ,First,#,C:\MyFiles\Waterfront Comprehensive Plan\GIS\PAWS\PAWS.mdb\NYC_PAWS,PAWS_Name,-1,-1;Status 'Status' true true false 50 Text 0 0 ,First,#,C:\MyFiles\Waterfront Comprehensive Plan\GIS\PAWS\PAWS.mdb\NYC_PAWS,Status,-1,-1;StatusCode 'StatusCode' true true false 2 Short 0 0 ,First,#,C:\MyFiles\Waterfront Comprehensive Plan\GIS\PAWS\PAWS.mdb\NYC_PAWS,StatusCode,-1,-1;Agency 'Agency' true true false 255 Text 0 0 ,First,#,C:\MyFiles\Waterfront Comprehensive Plan\GIS\PAWS\PAWS.mdb\NYC_PAWS,Agency,-1,-1;Ownership 'Ownership' true true false 75 Text 0 0 ,First,#,C:\MyFiles\Waterfront Comprehensive Plan\GIS\PAWS\PAWS.mdb\NYC_PAWS,Ownership,-1,-1;OwnerCode 'OwnerCode' true true false 2 Short 0 0 ,First,#,C:\MyFiles\Waterfront Comprehensive Plan\GIS\PAWS\PAWS.mdb\NYC_PAWS,OwnerCode,-1,-1;Boro_Name 'Boro_Name' true true false 255 Text 0 0 ,First,#,C:\MyFiles\Waterfront Comprehensive Plan\GIS\PAWS\PAWS.mdb\NYC_PAWS,Boro_Name,-1,-1;Borough 'Borough' true true false 255 Text 0 0 ,First,#,C:\MyFiles\Waterfront Comprehensive Plan\GIS\PAWS\PAWS.mdb\NYC_PAWS,Borough,-1,-1;Boro_Code 'Boro_Code' true true false 4 Float 0 0 ,First,#,C:\MyFiles\Waterfront Comprehensive Plan\GIS\PAWS\PAWS.mdb\NYC_PAWS,Boro_Code,-1,-1;CD 'CD' true true false 4 Long 0 0 ,First,#,C:\MyFiles\Waterfront Comprehensive Plan\GIS\PAWS\PAWS.mdb\NYC_PAWS,CD,-1,-1;CD_Text 'CD_Text' true true false 50 Text 0 0 ,First,#,C:\MyFiles\Waterfront Comprehensive Plan\GIS\PAWS\PAWS.mdb\NYC_PAWS,CD_Text,-1,-1;Boro_CD 'Boro_CD' true true false 254 Text 0 0 ,First,#,C:\MyFiles\Waterfront Comprehensive Plan\GIS\PAWS\PAWS.mdb\NYC_PAWS,Boro_CD,-1,-1;Address 'Address' true true false 255 Text 0 0 ,First,#,C:\MyFiles\Waterfront Comprehensive Plan\GIS\PAWS\PAWS.mdb\NYC_PAWS,Address,-1,-1;Water_Body 'Water_Body' true true false 255 Text 0 0 ,First,#,C:\MyFiles\Waterfront Comprehensive Plan\GIS\PAWS\PAWS.mdb\NYC_PAWS,Water_Body,-1,-1;Shape_Leng 'Shape_Length' false true true 8 Double 0 0 ,First,#,C:\MyFiles\Waterfront Comprehensive Plan\GIS\PAWS\PAWS.mdb\NYC_PAWS,Shape_Length,-1,-1;Shape_Area 'Shape_Area' false true true 8 Double 0 0 ,First,#,C:\MyFiles\Waterfront Comprehensive Plan\GIS\PAWS\PAWS.mdb\NYC_PAWS,Shape_Area,-1,-1" # "C:\MyFiles\Waterfront Comprehensive Plan\GIS\PAWS\Shapefile_Exports\PAWS.shp"</Process><Process ToolSource="C:\Program Files\ArcGIS\ArcToolbox\Toolboxes\Data Management Tools.tbx\CopyFeatures" Date="20101110" Time="094312">CopyFeatures C:\TEMP\waterfront\PAWS.shp M:\GIS_COPY\GIS\Datafiles\Waterfront\Waterfront.gdb\PAWS # 0 0 0</Process><Process ToolSource="C:\Program Files\ArcGIS\ArcToolbox\Toolboxes\Conversion Tools.tbx\FeatureClassToFeatureClass" Date="20110706" Time="134837">FeatureClassToFeatureClass "Database Connections\ArcSDE@DCP@SDE.sde\sde.DCP.ZOLAARCHIVE\sde.DCP.zola_nycb_v1010a" M:\GIS\ArcGIS_Team_Files\ZOLA\DataReplication\06222011\Ldgma_Cb_Shapefile zola_nycb.shp # "Boro 'Boro' true true false 5 Text 0 0 ,First,#,Database Connections\ArcSDE@DCP@SDE.sde\sde.DCP.ZOLAARCHIVE\sde.DCP.zola_nycb_v1010a,Boro,-1,-1;Shape_area 'Shape_area' false false true 0 Double 0 0 ,First,#,Database Connections\ArcSDE@DCP@SDE.sde\sde.DCP.ZOLAARCHIVE\sde.DCP.zola_nycb_v1010a,Shape.area,-1,-1;Shape_len 'Shape_len' false false true 0 Double 0 0 ,First,#,Database Connections\ArcSDE@DCP@SDE.sde\sde.DCP.ZOLAARCHIVE\sde.DCP.zola_nycb_v1010a,Shape.len,-1,-1" # M:\GIS\ArcGIS_Team_Files\ZOLA\DataReplication\06222011\Ldgma_Cb_Shapefile\zola_nycb.shp</Process></lineage></DataProperties><MetaID>{E0D5E561-CC49-4D6C-A11E-FCB81FAA37FA}</MetaID></Esri><idinfo><native Sync="TRUE">Microsoft Windows XP Version 5.1 (Build 2600) Service Pack 3; ESRI ArcCatalog 9.3.1.4000</native><descript><langdata Sync="TRUE">en</langdata><abstract>A Lower Density Growth Management Area is an area designated in the Zoning Resolution where new developments must provide more off-street parking, larger yards and more open space than would otherwise be required in the applicable zoning districts In Staten Island and Bronx Community District 10.</abstract><purpose>To be used for GIS analysis and cartographic tasks.</purpose></descript><citation><citeinfo><origin>New York City Department of City Planning, Planning Coordination and Waterfront Division</origin><pubdate>September, 2011</pubdate><title Sync="TRUE">nyldgma</title><ftname Sync="TRUE">nyldgma</ftname><geoform Sync="TRUE">vector digital data</geoform><serinfo><sername>BYTES of the BIG APPLE</sername></serinfo><pubinfo><pubplace>New York City </pubplace><publish>New York City Department of City Planning </publish></pubinfo><lworkcit><citeinfo/></lworkcit><onlink>http://www.nyc.gov/html/dcp/html/bytes/applbyte.shtml </onlink></citeinfo></citation><timeperd><current>publication date</current><timeinfo><sngdate><caldate>September, 2011</caldate></sngdate></timeinfo></timeperd><status><progress>Complete</progress><update>Monthly</update></status><spdom><bounding><westbc Sync="TRUE">-74.257702</westbc><eastbc Sync="TRUE">-73.765250</eastbc><northbc Sync="TRUE">40.882021</northbc><southbc Sync="TRUE">40.491085</southbc></bounding><lboundng><leftbc Sync="TRUE">912989.046387</leftbc><rightbc Sync="TRUE">1049164.201782</rightbc><bottombc Sync="TRUE">118296.424622</bottombc><topbc Sync="TRUE">260622.021240</topbc></lboundng></spdom><keywords><theme><themekey>Lower Density Growth Management Area</themekey><themekey>Other Zoning Designations</themekey><themekey>boundaries</themekey></theme><place><placekey>New York City</placekey><placekey>Manhattan</placekey><placekey>Brooklyn</placekey><placekey>Bronx</placekey><placekey>Queens</placekey><placekey>Staten Island</placekey></place></keywords><useconst>The Department of City Planning makes no representation as to the accuracy of the information or its suitability for any purposes.  The Department and the City disclaim any liability for errors that may be contained herein.</useconst><natvform Sync="TRUE">Shapefile</natvform><ptcontac><cntinfo><cntorgp><cntorg>Planning Coordination, New York City Department of City Planning</cntorg><cntper>Reza Tehranifar</cntper></cntorgp><cntpos>GIS Analyst</cntpos><cntaddr><addrtype>mailing and physical address</addrtype><address>22 Reade Street</address><city>New York</city><state>NY</state><postal>10007</postal><country>USA</country></cntaddr><cntvoice>212.720.3629</cntvoice><cntemail>r_tehranifar@planning.nyc.gov</cntemail><hours>M-F, 9AM-5PM</hours></cntinfo></ptcontac><datacred>New York City Department of City Planning, 
Planning Coordination 
Waterfront and Open Space Division</datacred></idinfo><dataIdInfo><envirDesc Sync="TRUE">Microsoft Windows XP Version 5.1 (Build 2600) Service Pack 3; ESRI ArcCatalog 9.3.1.4000</envirDesc><dataLang><languageCode Sync="TRUE" value="en"></languageCode></dataLang><idCitation><resTitle Sync="TRUE">nyldgma</resTitle><presForm><PresFormCd Sync="TRUE" value="005"></PresFormCd></presForm></idCitation><spatRpType><SpatRepTypCd Sync="TRUE" value="001"></SpatRepTypCd></spatRpType><dataExt><geoEle><GeoBndBox esriExtentType="native"><westBL Sync="TRUE">912989.046387</westBL><eastBL Sync="TRUE">1049164.201782</eastBL><northBL Sync="TRUE">260622.02124</northBL><southBL Sync="TRUE">118296.424622</southBL><exTypeCode Sync="TRUE">1</exTypeCode></GeoBndBox></geoEle></dataExt><geoBox esriExtentType="decdegrees"><westBL Sync="TRUE">-74.257702</westBL><eastBL Sync="TRUE">-73.76525</eastBL><northBL Sync="TRUE">40.882021</northBL><southBL Sync="TRUE">40.491085</southBL><exTypeCode Sync="TRUE">1</exTypeCode></geoBox></dataIdInfo><metainfo><langmeta Sync="TRUE">en</langmeta><metstdn Sync="TRUE">FGDC Content Standards for Digital Geospatial Metadata</metstdn><metstdv Sync="TRUE">FGDC-STD-001-1998</metstdv><mettc Sync="TRUE">local time</mettc><metc><cntinfo><cntorgp><cntorg>New York City Department of City Planning</cntorg><cntper>Reza Tehranifar</cntper></cntorgp><cntaddr><addrtype>mailing and physical address</addrtype><city>New York</city><state>NY</state><postal>10007</postal><address>22 Reade Street</address><country>USA</country></cntaddr><cntvoice>212.720.3629</cntvoice><cntpos>GIS Analyst</cntpos><cntemail>r_theranifar@planning.nyc.gov</cntemail></cntinfo></metc><metd Sync="TRUE">20110915</metd><metextns><onlink Sync="TRUE">http://www.esri.com/metadata/esriprof80.html</onlink><metprof Sync="TRUE">ESRI Metadata Profile</metprof></metextns></metainfo><mdLang><languageCode Sync="TRUE" value="en"></languageCode></mdLang><mdStanName Sync="TRUE">ISO 19115 Geographic Information - Metadata</mdStanName><mdStanVer Sync="TRUE">DIS_ESRI1.0</mdStanVer><mdChar><CharSetCd Sync="TRUE" value="004"></CharSetCd></mdChar><mdHrLv><ScopeCd Sync="TRUE" value="005"></ScopeCd></mdHrLv><mdHrLvName Sync="TRUE">dataset</mdHrLvName><distinfo><resdesc Sync="TRUE">Downloadable Data</resdesc><distrib><cntinfo><cntorgp><cntorg>New York City Department of City Planning</cntorg><cntper>Reza Tehranifar</cntper></cntorgp><cntaddr><addrtype>mailing and physical address</addrtype><address>22 Reade Street</address><city>New York</city><state>NY</state><postal>10007</postal><country>USA</country></cntaddr><cntvoice>212.720.3629</cntvoice></cntinfo></distrib><stdorder><digform><digtinfo><transize Sync="TRUE">0.206</transize><dssize Sync="TRUE">0.206</dssize></digtinfo></digform></stdorder></distinfo><distInfo><distributor><distorTran><onLineSrc><orDesc Sync="TRUE">002</orDesc><linkage Sync="TRUE">file://\\DCP-DELL-1226\C$\TEMP\BigApps\nyldgma.shp</linkage><protocol Sync="TRUE">Local Area Network</protocol></onLineSrc><transSize Sync="TRUE">0.206</transSize></distorTran><distorFormat><formatName Sync="TRUE">Shapefile</formatName></distorFormat></distributor></distInfo><spdoinfo><direct Sync="TRUE">Vector</direct><ptvctinf><esriterm Name="nyldgma"><efeatyp Sync="TRUE">Simple</efeatyp><efeageom Sync="TRUE">Polygon</efeageom><esritopo Sync="TRUE">FALSE</esritopo><efeacnt Sync="TRUE">2</efeacnt><spindex Sync="TRUE">TRUE</spindex><linrefer Sync="TRUE">FALSE</linrefer></esriterm><sdtsterm Name="nyldgma"><sdtstype Sync="TRUE">G-polygon</sdtstype><ptvctcnt Sync="TRUE">2</ptvctcnt></sdtsterm></ptvctinf></spdoinfo><spref><horizsys><cordsysn><geogcsn Sync="TRUE">GCS_North_American_1983</geogcsn><projcsn Sync="TRUE">NAD_1983_StatePlane_New_York_Long_Island_FIPS_3104_Feet</projcsn></cordsysn><planar><planci><plance Sync="TRUE">coordinate pair</plance><plandu Sync="TRUE">survey feet</plandu><coordrep><absres Sync="TRUE">0.000000</absres><ordres Sync="TRUE">0.000000</ordres></coordrep></planci><mapproj><mapprojn Sync="TRUE">Lambert Conformal Conic</mapprojn><lambertc><stdparll Sync="TRUE">40.666667</stdparll><stdparll Sync="TRUE">41.033333</stdparll><longcm Sync="TRUE">-74.000000</longcm><latprjo Sync="TRUE">40.166667</latprjo><feast Sync="TRUE">984250.000000</feast><fnorth Sync="TRUE">0.000000</fnorth></lambertc></mapproj></planar><geodetic><horizdn Sync="TRUE">North American Datum of 1983</horizdn><ellips Sync="TRUE">Geodetic Reference System 80</ellips><semiaxis Sync="TRUE">6378137.000000</semiaxis><denflat Sync="TRUE">298.257222</denflat></geodetic></horizsys><vertdef><altsys><altenc Sync="TRUE">Explicit elevation coordinate included with horizontal coordinates</altenc><altres Sync="TRUE">1.000000</altres></altsys></vertdef></spref><refSysInfo><RefSystem><refSysID><identCode Sync="TRUE">NAD_1983_StatePlane_New_York_Long_Island_FIPS_3104_Feet</identCode></refSysID></RefSystem></refSysInfo><spatRepInfo><VectSpatRep><topLvl><TopoLevCd Sync="TRUE" value="001"></TopoLevCd></topLvl><geometObjs Name="nyldgma"><geoObjTyp><GeoObjTypCd Sync="TRUE" value="001"></GeoObjTypCd></geoObjTyp><geoObjCnt Sync="TRUE">2</geoObjCnt></geometObjs></VectSpatRep></spatRepInfo><eainfo><detailed Name="nyldgma"><enttyp><enttypl Sync="TRUE">nyldgma</enttypl><enttypt Sync="TRUE">Feature Class</enttypt><enttypc Sync="TRUE">2</enttypc></enttyp><attr><attrlabl Sync="TRUE">FID</attrlabl><attalias Sync="TRUE">FID</attalias><attrtype Sync="TRUE">OID</attrtype><attwidth Sync="TRUE">4</attwidth><atprecis Sync="TRUE">0</atprecis><attscale Sync="TRUE">0</attscale><attrdef Sync="TRUE">Internal feature number.</attrdef><attrdefs Sync="TRUE">ESRI</attrdefs><attrdomv><udom Sync="TRUE">Sequential unique whole numbers that are automatically generated.</udom></attrdomv></attr><attr><attrlabl Sync="TRUE">Shape</attrlabl><attalias Sync="TRUE">Shape</attalias><attrtype Sync="TRUE">Geometry</attrtype><attwidth Sync="TRUE">0</attwidth><atprecis Sync="TRUE">0</atprecis><attscale Sync="TRUE">0</attscale><attrdef Sync="TRUE">Feature geometry.</attrdef><attrdefs Sync="TRUE">ESRI</attrdefs><attrdomv><udom Sync="TRUE">Coordinates defining the features.</udom></attrdomv></attr><attr><attrlabl Sync="TRUE">Project</attrlabl><attalias Sync="TRUE">Project</attalias><attrtype Sync="TRUE">String</attrtype><attwidth Sync="TRUE">254</attwidth></attr><attr><attrlabl Sync="TRUE">Status</attrlabl><attalias Sync="TRUE">Status</attalias><attrtype Sync="TRUE">String</attrtype><attwidth Sync="TRUE">50</attwidth></attr><attr><attrlabl Sync="TRUE">Shape_area</attrlabl><attalias Sync="TRUE">Shape_area</attalias><attrtype Sync="TRUE">Float</attrtype><attwidth Sync="TRUE">19</attwidth><attrdef Sync="TRUE">Area of feature in internal units squared.</attrdef><attrdefs Sync="TRUE">ESRI</attrdefs><attrdomv><udom Sync="TRUE">Positive real numbers that are automatically generated.</udom></attrdomv><atnumdec Sync="TRUE">11</atnumdec></attr><attr><attrlabl Sync="TRUE">Shape_len</attrlabl><attalias Sync="TRUE">Shape_len</attalias><attrtype Sync="TRUE">Float</attrtype><attwidth Sync="TRUE">19</attwidth><atnumdec Sync="TRUE">11</atnumdec></attr></detailed></eainfo><mdDateSt Sync="TRUE">20110915</mdDateSt><dataqual><posacc><horizpa><qhorizpa/></horizpa><vertacc><qvertpa/></vertacc></posacc><lineage><srcinfo><srctime><srccurr>ground condition</srccurr></srctime></srcinfo><procstep><procdesc Sync="TRUE">Metadata imported.</procdesc><srcused Sync="TRUE">C:\TEMP\BigApps\metadata\nycb.xml</srcused><procdate Sync="TRUE">20110914</procdate><proctime Sync="TRUE">15284200</proctime></procstep></lineage><attracc><attraccr>The Department of City Planning makes no assurances about the accuracy of these data.</attraccr><qattracc/></attracc></dataqual></metadata>
